,0
0,/p/CFKvVd0iEhf/
1,/p/CDKTWA8CZMy/
2,/p/CB_Xz4BiV4R/
3,/p/CF4gHabC7dh/
4,/p/B3b4fczn7dW/
5,/p/B5qSfTYIRAW/
6,/p/CKkOyznCYno/
7,/p/B4Te9Y0Iimg/
8,/p/CFH6UqHibzm/
9,/p/CDBw3aKiXlo/
10,/p/CFFmVLkiZ3e/
11,/p/CDwIk_Ni6fD/
12,/p/CCBbhFvCsQO/
13,/p/B3ZiHJcH2v_/
14,/p/CNU6MSXp1pk/
15,/p/CBv-lJRiYfQ/
16,/p/CGvOMq2hzIq/
17,/p/CGX9k96Bdce/
18,/p/B6tltv6Klvu/
19,/p/CJkGtp-iAYU/
20,/p/CF7tX_wisFO/
21,/p/B5BYyC6IZu-/
22,/p/CNPSRKFJV3P/
23,/p/CBvnHkciSRR/
24,/p/CGX9silh3iM/
25,/p/CKE-B_ip1IC/
26,/p/CHIld0thhh7/
27,/p/CCjy6fri-8k/
28,/p/CJwdoKhBb2r/
29,/p/CAX5zuLIp_s/
30,/p/CNR6rizJuid/
31,/p/CFK6mPcizxx/
32,/p/CFfnjI1CUb1/
33,/p/CE9sgblIzs5/
34,/p/CGX8eGUhpsp/
35,/p/CCg6CbSC2Pb/
36,/p/CKzcO0PpKn6/
37,/p/B5EDHVJo8a9/
38,/p/CFfbJXyCEVD/
39,/p/CGk1xNUhtVM/
40,/p/CEMN1ZIidsF/
41,/p/CGX9bg_BO4K/
42,/p/CFMu05oidov/
43,/p/CDmWtcXCDJ2/
44,/p/CK1N9VeJnOA/
45,/p/CFCAJwKCtuo/
46,/p/B3kVrqfoHBu/
47,/p/CDg1syUCdhF/
48,/p/B4Te4fUomBT/
49,/p/CGaN2eCBCgz/
50,/p/B3b4BACHoG7/
51,/p/CKokBa_JddX/
52,/p/CGNj9jcBfEB/
53,/p/CLpVYuXJbMq/
54,/p/CFMvsBpCB45/
55,/p/CJoRRDbC6a8/
56,/p/CB_Wc5ECytj/
57,/p/B3ZkyQynfnX/
58,/p/CMiUAP6o082/
59,/p/CHOauwvhwY6/
60,/p/B6DycVhiJc3/
61,/p/B3b3I5uHKlj/
62,/p/CHImYnBh659/
63,/p/CKw8h9XpMzV/
64,/p/B3b4W39Hn3V/
65,/p/B6nM1qaiv5p/
66,/p/CCHRarNiaHb/
67,/p/B53Oc5AIRWu/
68,/p/B3etTNVnrxe/
69,/p/B-iJzCGIqXm/
70,/p/CByh1ngCE2z/
71,/p/B3b32c5HCeK/
72,/p/CCtgoxOCWV1/
73,/p/CKcPgCNpdSX/
74,/p/CG0VHEXClp8/
75,/p/CE_tnXOihDD/
76,/p/CD2JkgpCPg9/
77,/p/B-nVT1To_Mr/
78,/p/CFHQGcRCtVR/
79,/p/CFNigMOiBW2/
80,/p/CFQE60Hi5vc/
81,/p/CCg5uRlCUqZ/
82,/p/B3b3jHwn4JD/
83,/p/CCtHMA1iKog/
84,/p/CGX9eiPBarY/
85,/p/B3b3bmEnrcg/
86,/p/CJooNgQBHRs/
87,/p/CC4MY-oiIu8/
88,/p/B5GoikXI4Ef/
89,/p/B3wiK9hISoK/
90,/p/CJ3d10kiqvE/
91,/p/CFXCdH_ijVo/
92,/p/B-kySAeI0WY/
93,/p/CCElZDwqlel/
94,/p/CDl9XvVCrUS/
95,/p/CF2pIgiBB8v/
96,/p/B3b3vTkni8l/
97,/p/CJrNPo_hvPo/
98,/p/CGX9nMcB0LT/
99,/p/CBsoGIbiWxH/
100,/p/CGc61Q5BB3o/
101,/p/B_YM3EPoa24/
102,/p/CGk-mGlhAgP/
103,/p/B-_9DcFIiCw/
104,/p/CGYSkDpCU3M/
105,/p/B3ZlGlynMIK/
106,/p/B3Zk_MAnKbU/
107,/p/B6NwYcCCdd3/
108,/p/B3mf8niokjX/
109,/p/CBtp3FsCp4u/
110,/p/CF2sH5RiKYi/
111,/p/CKZhh51pLKt/
112,/p/B3Zk7NXnsqJ/
113,/p/CCqIPIICTIj/
114,/p/B3rruvgIQJt/
115,/p/CKe6qkEJbW_/
116,/p/CJw_DnFivIe/
117,/p/CGX9qwTBPFP/
118,/p/CEkc1VWid2y/
119,/p/B3ZlDLSHC-3/
120,/p/CBtBeO0iPdv/
121,/p/CNYV9CdppJp/
122,/p/CE_uAZxirZU/
123,/p/B5ODmbCI513/
124,/p/CF4MzudCYMJ/
125,/p/CC8Krazi28T/
126,/p/CGYF2x8Be8h/
127,/p/B3wh_aFo5X_/
128,/p/B45SMDAIFcS/
